Plot ID,Sowing date,Harvest date,Width,Length,Row,Column,Replicate,Rack,Accession,Ant_date_ymd 2019-08-27,BM_Calc_tha 2019-08-27,BM_M_gPlot 2019-08-27,GFP_calc_day 2019-08-27,GMoi_E_pct 2019-08-27,GYPR_Calc_gm2day 2019-08-27,GY_Calc_tha 2019-08-27,GY_M_gPlot 2019-08-27,HI_Calc_pct 2019-08-27,Mat_date_ymd 2019-08-27,PH_M_cm 2019-08-27,SN_Calc_Spksm2 2019-08-27,SpkGW_M_g 2019-08-27,StrawYld_E_tha 2019-08-27
1,2018-10-08,2019-08-27,1.5,4.0,1,1,1,1,PW292-69-4-14-Q6B-DTAD-W,2019-06-06T00:00:00,,75.8,54.0,10.6132075471698,16.1127143463107,8.70086574700777,,,2019-07-30T00:00:00,100.25,,,
2,2018-10-08,2019-08-27,1.5,4.0,1,2,1,1,PW352-23-4-18-Q1A-NDVI-P,2019-06-06T00:00:00,16.0334102394724,75.5,54.0,10.7565011820331,13.640671790713,7.36596276698503,193.9,45.9413353551628,2019-07-30T00:00:00,103.75,379.884619235948,1.939,8.66744747248739
3,2018-10-08,2019-08-27,1.5,4.0,1,3,1,1,PW468-10-1-21-Q2A-NDVI-P,2019-06-06T00:00:00,17.1595971436689,75.9,49.0,10.4952830188679,16.2654462991808,7.97006868659859,203.0,46.4467121219055,2019-07-25T00:00:00,115.75,392.614221014709,2.03,9.18952845707028
4,2018-10-08,2019-08-27,1.5,4.0,1,4,1,1,PW468-77-3-10-Q7B-AGDM-W,2019-06-07T00:00:00,19.0242860818104,75.4,53.0,10.6635071090047,15.3281079212007,8.12389719823636,204.7,42.7027703604806,2019-07-30T00:00:00,132.0,396.868451306124,2.047,10.900388883574
5,2018-10-08,2019-08-27,1.5,4.0,1,5,1,1,PW034-12-13-10-Q1A-HT-P,2019-06-05T00:00:00,,75.7,55.0,9.98810939357906,14.9554071851223,8.22547395181728,,,2019-07-30T00:00:00,109.0,,,
6,2018-10-08,2019-08-27,1.5,4.0,1,6,1,1,Paragon,2019-06-06T00:00:00,,75.5,49.0,9.688995215311,16.852138564746,8.25754789672556,,,2019-07-25T00:00:00,105.25,,,
7,2018-10-08,2019-08-27,1.5,4.0,1,7,1,1,DHF1-1UT,2019-06-17T00:00:00,,76.3,43.0,10.1295641931684,13.1723500687066,5.66411052954384,,,2019-07-30T00:00:00,89.5,,,
8,2018-10-08,2019-08-27,1.5,4.0,1,8,1,1,PW034-66-6-3-Q7A-LODG-W,2019-06-05T00:00:00,,76.2,50.0,9.82248520710059,17.3994708856057,8.69973544280283,,,2019-07-25T00:00:00,106.75,,,
9,2018-10-08,2019-08-27,1.5,4.0,1,9,1,1,PW141-31-2-12-Q3B-MATU-W,2019-06-07T00:00:00,,75.7,53.0,10.0950118764846,14.2770723137172,7.56684832627009,,,2019-07-30T00:00:00,105.0,,,
10,2018-10-08,2019-08-27,1.5,4.0,1,10,1,1,PW468-21-2-12-Q2D-DTAD-W,2019-06-06T00:00:00,,76.3,49.0,9.81087470449172,13.4335675861786,6.58244811722753,,,2019-07-25T00:00:00,111.75,,,
11,2018-10-08,2019-08-27,1.5,4.0,1,11,1,1,PW352-26-4-10-Q2A-GFR-P,2019-06-09T00:00:00,18.1198144548369,71.1,46.0,15.7582938388626,17.6075041410866,8.09945190489983,201.8,44.6994196606565,2019-07-25T00:00:00,128.5,401.360352076305,2.018,10.020362549937
12,2018-10-08,2019-08-27,1.5,4.0,1,12,1,1,PW352-26-5-11-Q2A-DTMA-P,2019-06-07T00:00:00,,69.0,53.0,16.5659008464329,15.0838368188974,7.99443351401564,,,2019-07-30T00:00:00,108.25,,,
13,2018-10-08,2019-08-27,1.5,4.0,1,13,1,1,PW141-36-10-22-Q7A-DTMA-P,2019-06-03T00:00:00,,69.5,57.0,16.1640530759952,14.432553113532,8.22655527471322,,,2019-07-30T00:00:00,104.25,,,
14,2018-10-08,2019-08-27,1.5,4.0,1,14,1,1,Paragon (WT) (- -),2019-06-07T00:00:00,16.9225887754283,68.8,48.0,15.5828220858896,16.4243746573151,7.88369983551125,203.1,46.5868428296174,2019-07-25T00:00:00,103.0,388.168381856783,2.031,9.03888893991704
15,2018-10-08,2019-08-27,1.5,4.0,1,15,1,1,PW729-55-5-12-Q4A-MATU-W,2019-06-07T00:00:00,,74.1,53.0,15.4109589041096,14.6371174584579,7.75767225298269,,,2019-07-30T00:00:00,110.25,,,
46,2018-10-08,2019-08-27,1.5,4.0,2,1,1,1,PW729-55-3-8-Q6B-AGDM-P,2019-06-06T00:00:00,18.487913902223,75.8,54.0,10.7184923439341,16.0134624644319,8.6472697307932,202.6,46.7725551759165,2019-07-30T00:00:00,103.75,426.81489293155,2.026,9.84064417142981
47,2018-10-08,2019-08-27,1.5,4.0,2,2,1,1,PW729-55-5-7-Q4A-MATU-W,2019-06-03T00:00:00,,75.2,57.0,11.1111111111111,16.2273683494312,9.24959995917579,,,2019-07-30T00:00:00,113.25,,,
48,2018-10-08,2019-08-27,1.5,4.0,2,3,1,1,PW468-77-3-9-Q7B-AGDM-P,2019-06-06T00:00:00,17.9798982168327,75.2,54.0,10.5826397146254,14.5907087087105,7.87898270270367,211.2,43.8210639887128,2019-07-30T00:00:00,143.5,373.057893120439,2.112,10.100915514129
49,2018-10-08,2019-08-27,1.5,4.0,2,4,1,1,PW468-12-4-5-Q1A-LODG-P,2019-06-05T00:00:00,,76.0,55.0,10.1654846335697,15.4531880551476,8.49925343033117,,,2019-07-30T00:00:00,116.25,,,
50,2018-10-08,2019-08-27,1.5,4.0,2,5,1,1,PW141-36-10-13-Q7A-DTMA-P,2019-06-07T00:00:00,,76.8,53.0,9.64705882352942,17.0505210178283,9.03677613944899,,,2019-07-30T00:00:00,106.25,,,
51,2018-10-08,2019-08-27,1.5,4.0,2,6,1,1,PxW141-7-10-85-18,2019-06-07T00:00:00,,76.1,53.0,9.61995249406177,16.6752297820004,8.83787178446022,,,2019-07-30T00:00:00,110.5,,,
52,2018-10-08,2019-08-27,1.5,4.0,2,7,1,1,PW468-12-4-16-Q1A-LODG-P,2019-06-03T00:00:00,,75.6,57.0,9.78520286396182,13.8193623053217,7.87703651403337,,,2019-07-30T00:00:00,103.25,,,
53,2018-10-08,2019-08-27,1.5,4.0,2,8,1,1,DFW SEL 0064,2019-06-06T00:00:00,18.6145087246303,76.7,54.0,9.65842167255595,15.5515883381657,8.3978577026095,150.8,45.1145814635314,2019-07-30T00:00:00,85.0,556.887115557659,1.508,10.2166510220208
54,2018-10-08,2019-08-27,1.5,4.0,2,9,1,1,PW141-36-10-3-Q7A-DTMA-P,2019-06-07T00:00:00,,75.9,53.0,9.64285714285714,16.3063536010041,8.64236740853216,,,2019-07-30T00:00:00,106.5,,,
55,2018-10-08,2019-08-27,1.5,4.0,2,10,1,1,PW729-36-6-8-Q2B-MILDS-P,2019-06-06T00:00:00,,75.9,54.0,9.75029726516051,14.5642386190255,7.86468885427378,,,2019-07-30T00:00:00,121.0,,,
56,2018-10-08,2019-08-27,1.5,4.0,2,11,1,1,PW292-20-1-1-Q7A-ADTT-W,2019-06-03T00:00:00,,68.2,52.0,16.9305724725944,16.1640752011544,8.40531910460027,,,2019-07-25T00:00:00,109.25,,,
57,2018-10-08,2019-08-27,1.5,4.0,2,12,1,1,PW352-23-1-1-Q1A-MATU-W,2019-06-14T00:00:00,,77.4,46.0,8.29383886255924,20.3448769068968,9.35864337717255,,,2019-07-30T00:00:00,124.25,,,
58,2018-10-08,2019-08-27,1.5,4.0,2,13,1,1,PxW141-7-11-94-24,2019-06-07T00:00:00,,70.5,53.0,16.5680473372781,12.3960252000402,6.56989335602131,,,2019-07-30T00:00:00,104.25,,,
59,2018-10-08,2019-08-27,1.5,4.0,2,14,1,1,Paragon,2019-06-07T00:00:00,,70.1,53.0,15.947242206235,16.0031222459051,8.48165479032973,,,2019-07-30T00:00:00,108.0,,,
60,2018-10-08,2019-08-27,1.5,4.0,2,15,1,1,PW468-84-4-7-Q5A-NDRE-P,2019-06-07T00:00:00,,69.7,53.0,17.1224732461355,12.972321080613,6.87533017272488,,,2019-07-30T00:00:00,116.25,,,
91,2018-10-08,2019-08-27,1.5,4.0,3,1,1,1,PW352-3-7-9-Q2D-MATU-P,2019-06-07T00:00:00,,75.4,53.0,10.8747044917258,14.9564651365861,7.92692652239062,,,2019-07-30T00:00:00,104.0,,,
92,2018-10-08,2019-08-27,1.5,4.0,3,2,1,1,PW468-84-1-14-Q5D-MATU-W,2019-06-03T00:00:00,,75.3,52.0,10.9929078014184,12.5218479658799,6.51136094225755,,,2019-07-25T00:00:00,129.5,,,
93,2018-10-08,2019-08-27,1.5,4.0,3,3,1,1,PxW141-7-12-12-02,2019-06-07T00:00:00,,74.7,53.0,10.431654676259,16.6940064606904,8.84782342416589,,,2019-07-30T00:00:00,112.5,,,
94,2018-10-08,2019-08-27,1.5,4.0,3,4,1,1,PW729-55-5-6-Q4A-MATU-W,2019-06-05T00:00:00,,76.1,55.0,10.3651354534747,15.9406472240516,8.76735597322835,,,2019-07-30T00:00:00,110.25,,,
95,2018-10-08,2019-08-27,1.5,4.0,3,5,1,1,PW352-26-5-8-Q2A-DTMA-W,2019-06-07T00:00:00,,74.8,53.0,9.77080820265381,16.479850455194,8.7343207412528,,,2019-07-30T00:00:00,114.0,,,
96,2018-10-08,2019-08-27,1.5,4.0,3,6,1,1,PW352-23-4-20-Q1A-NDVI-P,2019-06-07T00:00:00,17.9203593534963,75.8,53.0,9.6543504171633,15.6287557403856,8.28324054240436,183.3,46.2225136171071,2019-07-30T00:00:00,108.25,451.89528327356,1.833,9.63711881109194
97,2018-10-08,2019-08-27,1.5,4.0,3,7,1,1,DHF1-122,2019-06-07T00:00:00,,76.7,53.0,9.44510035419126,14.7972940726588,7.84256585850917,,,2019-07-30T00:00:00,114.75,,,
98,2018-10-08,2019-08-27,1.5,4.0,3,8,1,1,Paragon,2019-06-05T00:00:00,,75.6,55.0,9.89272943980931,15.1604374895209,8.33824061923649,,,2019-07-30T00:00:00,103.5,,,
99,2018-10-08,2019-08-27,1.5,4.0,3,9,1,1,PxW141-7-16-47-21,2019-06-05T00:00:00,,76.0,55.0,9.41597139451729,15.3897729631632,8.46437512973976,,,2019-07-30T00:00:00,107.75,,,
100,2018-10-08,2019-08-27,1.5,4.0,3,10,1,1,PW292-9-5-7-Q4B-GFPTT-P,2019-06-07T00:00:00,17.6917152924883,76.6,53.0,9.56316410861867,15.5258580890639,8.22870478720386,192.4,46.5116279069768,2019-07-30T00:00:00,106.0,427.68735900228,1.924,9.46301050528444
101,2018-10-08,2019-08-27,1.5,4.0,3,11,1,1,PW468-84-4-4-Q5A-COMGRWT-P,2019-06-03T00:00:00,16.0789977612875,68.5,52.0,18.646080760095,13.7855290766344,7.16847511984991,199.0,44.5828479254414,2019-07-25T00:00:00,112.5,360.224880394468,1.99,8.91052264143755
102,2018-10-08,2019-08-27,1.5,4.0,3,12,1,1,PW352-23-1-2-Q1A-MATU-W,2019-06-07T00:00:00,,70.9,53.0,15.9952606635071,14.9415801171792,7.91903746210498,,,2019-07-30T00:00:00,116.0,,,
103,2018-10-08,2019-08-27,1.5,4.0,3,13,1,1,PW468-77-3-11-Q7B-AGDM-W,2019-06-05T00:00:00,15.9176279754493,69.5,55.0,17.7514792899408,12.3841405302194,6.81127729162069,191.6,42.7907807754154,2019-07-30T00:00:00,135.0,355.494639437405,1.916,9.10635068382858
104,2018-10-08,2019-08-27,1.5,4.0,3,14,1,1,DFW SEL 0062,2019-06-03T00:00:00,,70.5,57.0,16.9611307420495,14.3870936411572,8.20064337545958,,,2019-07-30T00:00:00,73.75,,,
105,2018-10-08,2019-08-27,1.5,4.0,3,15,1,1,PxW141-7-10-70-17,2019-06-05T00:00:00,,70.1,55.0,14.093137254902,13.7035733016907,7.53696531592987,,,2019-07-30T00:00:00,105.5,,,
136,2018-10-08,2019-08-27,1.5,4.0,4,1,1,1,DHF1-195UT,2019-06-07T00:00:00,,75.7,53.0,10.5200945626477,12.1558936625921,6.44262364117379,,,2019-07-30T00:00:00,127.75,,,
137,2018-10-08,2019-08-27,1.5,4.0,4,2,1,1,DFW SEL 0063,2019-06-05T00:00:00,18.117165888064,76.0,55.0,10.271546635183,17.3123977265725,9.52181874961487,211.1,52.5568889110193,2019-07-30T00:00:00,83.25,451.057259574366,2.111,8.59534713844912
138,2018-10-08,2019-08-27,1.5,4.0,4,3,1,1,DFW SEL 0071,2019-06-07T00:00:00,,74.9,53.0,10.5137395459976,18.4688766740896,9.78850463726751,,,2019-07-30T00:00:00,90.5,,,
139,2018-10-08,2019-08-27,1.5,4.0,4,4,1,1,PW352-3-7-16-Q2D-MATU-P,2019-06-07T00:00:00,,75.8,53.0,10.2958579881657,16.3039988637991,8.64111939781355,,,2019-07-30T00:00:00,115.75,,,
140,2018-10-08,2019-08-27,1.5,4.0,4,5,1,1,PW141-80-3-16-Q5A-MATU-W,2019-06-07T00:00:00,,76.5,48.0,9.68122786304605,17.5849461218654,8.44077413849537,,,2019-07-25T00:00:00,121.25,,,
141,2018-10-08,2019-08-27,1.5,4.0,4,6,1,1,DHF1-277UT,2019-06-14T00:00:00,,76.5,46.0,10.0,8.80861606397864,4.05196338943017,,,2019-07-30T00:00:00,109.75,,,
142,2018-10-08,2019-08-27,1.5,4.0,4,7,1,1,PW468-84-4-12-Q5A-COMGRWT-P,2019-06-03T00:00:00,19.4992171322185,76.6,57.0,9.45626477541371,15.6227496489737,8.90496729991503,217.5,45.6683324234662,2019-07-30T00:00:00,115.0,409.423783904139,2.175,10.5942498323035
143,2018-10-08,2019-08-27,1.5,4.0,4,8,1,1,DHF1-121,2019-05-28T00:00:00,,76.6,63.0,9.66981132075472,9.52394314175301,6.00008417930439,,,2019-07-30T00:00:00,96.0,,,
144,2018-10-08,2019-08-27,1.5,4.0,4,9,1,1,PW729-55-3-13-Q6B-AGDM-P,2019-06-07T00:00:00,17.9158173631186,76.1,48.0,9.40476190476191,16.8561490687758,8.09095155301237,166.4,45.1609401291863,2019-07-25T00:00:00,110.75,486.235069291609,1.664,9.82486581010625
145,2018-10-08,2019-08-27,1.5,4.0,4,10,1,1,DHF1-192,2019-06-07T00:00:00,,76.6,53.0,9.77620730270908,14.6806420555248,7.78074028942815,,,2019-07-30T00:00:00,113.0,,,
146,2018-10-08,2019-08-27,1.5,4.0,4,11,1,1,PW729-55-5-15-Q4A-MATU-P,2019-06-07T00:00:00,,69.8,48.0,18.4579439252336,18.7517571460851,9.00084343012085,,,2019-07-25T00:00:00,115.0,,,
147,2018-10-08,2019-08-27,1.5,4.0,4,12,1,1,PW468-84-1-22-Q5D-MATU-W,2019-06-03T00:00:00,,67.4,57.0,20.4250295159386,11.8432922158962,6.75067656306081,,,2019-07-30T00:00:00,116.25,,,
148,2018-10-08,2019-08-27,1.5,4.0,4,13,1,1,P-Gw2A-P1-BC6-27 (+ -),2019-06-05T00:00:00,,70.5,55.0,17.0588235294118,14.0635869453668,7.73497281995172,,,2019-07-30T00:00:00,121.25,,,
149,2018-10-08,2019-08-27,1.5,4.0,4,14,1,1,DFW SEL 0053,2019-06-05T00:00:00,,73.0,55.0,12.7837514934289,11.7442152632576,6.45931839479168,,,2019-07-30T00:00:00,76.0,,,
150,2018-10-08,2019-08-27,1.5,4.0,4,15,1,1,PW141-41-2-21-Q5B-NDVI-P,2019-06-05T00:00:00,17.3240970296043,72.5,55.0,14.3026004728132,14.5329794153938,7.9931386784666,203.5,46.1388473223598,2019-07-30T00:00:00,116.5,392.783227443076,2.035,9.33095835113772
181,2018-10-08,2019-08-27,1.5,4.0,5,1,1,1,P-Gw2A-P1-BC6-26 (- +),2019-06-07T00:00:00,,75.2,53.0,10.5826397146254,15.8976593624847,8.42575946211692,,,2019-07-30T00:00:00,117.25,,,
182,2018-10-08,2019-08-27,1.5,4.0,5,2,1,1,DFW SEL 0054,2019-06-05T00:00:00,,75.6,55.0,10.8490566037736,15.418553737654,8.48020455570968,,,2019-07-30T00:00:00,77.5,,,
183,2018-10-08,2019-08-27,1.5,4.0,5,3,1,1,PW729-55-5-19-Q4A-MATU-P,2019-06-07T00:00:00,,75.4,48.0,10.3448275862069,17.4508422067548,8.37640425924229,,,2019-07-25T00:00:00,109.25,,,
184,2018-10-08,2019-08-27,1.5,4.0,5,4,1,1,PW352-26-2-19-Q5D-MATU-P,2019-06-11T00:00:00,,75.1,49.0,10.5952380952381,12.7062075128813,6.22604168131183,,,2019-07-30T00:00:00,129.75,,,
185,2018-10-08,2019-08-27,1.5,4.0,5,5,1,1,PW034-63-2-15-Q4A-GFP-W,2019-06-07T00:00:00,,76.8,53.0,9.75323149236193,15.0776323552946,7.99114514830616,,,2019-07-30T00:00:00,109.25,,,
186,2018-10-08,2019-08-27,1.5,4.0,5,6,1,1,PW034-63-2-13-Q4A-GFP-P,2019-06-07T00:00:00,,76.2,48.0,9.82248520710059,17.8015023214996,8.54472111431981,,,2019-07-25T00:00:00,110.0,,,
187,2018-10-08,2019-08-27,1.5,4.0,5,7,1,1,DFW SEL 0056,2019-06-05T00:00:00,11.3271614109277,76.1,47.0,9.83412322274883,12.8838873525173,6.05542705568312,144.8,53.4593516946024,2019-07-22T00:00:00,89.25,418.19247622121,1.448,5.27173435524458
188,2018-10-08,2019-08-27,1.5,4.0,5,8,1,1,PW468-84-1-17-Q5D-MATU-P,2019-06-05T00:00:00,,76.1,50.0,9.83412322274883,15.0119692228424,7.50598461142121,,,2019-07-25T00:00:00,116.75,,,
189,2018-10-08,2019-08-27,1.5,4.0,5,9,1,1,Paragon,2019-06-07T00:00:00,,76.0,53.0,9.63139120095124,15.6372022239814,8.28771717871013,,,2019-07-30T00:00:00,105.75,,,
190,2018-10-08,2019-08-27,1.5,4.0,5,10,1,1,DHF1-29UT,2019-06-05T00:00:00,,76.3,47.0,9.81087470449172,12.9350516721361,6.07947428590396,,,2019-07-22T00:00:00,79.25,,,
191,2018-10-08,2019-08-27,1.5,4.0,5,11,1,1,PW468-21-2-22-Q2D-DTAD-P,2019-06-07T00:00:00,,66.1,48.0,20.933014354067,12.940930000935,6.21164640044879,,,2019-07-25T00:00:00,90.75,,,
192,2018-10-08,2019-08-27,1.5,4.0,5,12,1,1,PW292-69-4-19-Q6B-DTAD-W,2019-06-07T00:00:00,,70.0,53.0,15.1515151515152,16.663000702976,8.83139037257726,,,2019-07-30T00:00:00,107.75,,,
193,2018-10-08,2019-08-27,1.5,4.0,5,13,1,1,PW141-36-10-1-Q7A-DTMA-W,2019-06-05T00:00:00,,70.8,55.0,15.9144893111639,14.8835363687176,8.18594500279467,,,2019-07-30T00:00:00,109.75,,,
194,2018-10-08,2019-08-27,1.5,4.0,5,14,1,1,PW292-67-1-3-Q3B-MATU-W,2019-06-05T00:00:00,,70.5,55.0,15.5688622754491,15.1723393806102,8.3447866593356,,,2019-07-30T00:00:00,113.5,,,
195,2018-10-08,2019-08-27,1.5,4.0,5,15,1,1,DFW SEL 0079,2019-06-03T00:00:00,,68.7,57.0,16.4233576642336,11.6057625807964,6.61528467105394,,,2019-07-30T00:00:00,76.75,,,
226,2018-10-08,2019-08-27,1.5,4.0,6,1,1,1,P-Gw2A-P1-BC6-33 (- -),2019-06-07T00:00:00,,75.7,53.0,10.5200945626477,15.3527142485444,8.13693855172852,,,2019-07-30T00:00:00,105.0,,,
227,2018-10-08,2019-08-27,1.5,4.0,6,2,1,1,PW468-12-4-2-Q1A-LODG-P,2019-06-07T00:00:00,,75.3,53.0,10.887573964497,16.6068246085627,8.80161704253821,,,2019-07-30T00:00:00,111.25,,,
228,2018-10-08,2019-08-27,1.5,4.0,6,3,1,1,PW468-84-1-1-Q2B-MATU-W,2019-06-05T00:00:00,,76.2,50.0,10.2473498233216,15.4378209299072,7.71891046495359,,,2019-07-25T00:00:00,119.25,,,
229,2018-10-08,2019-08-27,1.5,4.0,6,4,1,1,PxW141-7-16-06-01,2019-06-07T00:00:00,,75.2,48.0,10.4761904761905,18.1619315267578,8.71772713284376,,,2019-07-25T00:00:00,106.25,,,
230,2018-10-08,2019-08-27,1.5,4.0,6,5,1,1,PW292-25-6-1-Q2A-MATU-P,2019-06-07T00:00:00,,75.5,53.0,10.0119189511323,16.7967458020812,8.90227527510302,,,2019-07-30T00:00:00,108.0,,,
231,2018-10-08,2019-08-27,1.5,4.0,6,6,1,1,PW034-66-6-14-Q7A-LODG-P,2019-06-05T00:00:00,,76.6,55.0,9.56316410861867,15.4489147747279,8.49690312610032,,,2019-07-30T00:00:00,111.25,,,
232,2018-10-08,2019-08-27,1.5,4.0,6,7,1,1,PW141-36-3-19-Q7A-DTMA-P,2019-06-07T00:00:00,,76.6,53.0,9.66981132075472,14.8500327823968,7.87051737467032,,,2019-07-30T00:00:00,108.0,,,
233,2018-10-08,2019-08-27,1.5,4.0,6,8,1,1,Paragon,2019-06-05T00:00:00,,76.7,50.0,9.65842167255595,15.6197308144527,7.80986540722634,,,2019-07-25T00:00:00,104.25,,,
234,2018-10-08,2019-08-27,1.5,4.0,6,9,1,1,PW141-36-3-14-Q7A-DTMA-W,2019-06-03T00:00:00,,76.8,57.0,9.54063604240284,12.1908412939458,6.94877953754911,,,2019-07-30T00:00:00,97.5,,,
235,2018-10-08,2019-08-27,1.5,4.0,6,10,1,1,PxW141-7-16-64-03,2019-06-03T00:00:00,,76.9,52.0,9.42285041224971,15.6455575220527,8.13568991146739,,,2019-07-25T00:00:00,104.25,,,
236,2018-10-08,2019-08-27,1.5,4.0,6,11,1,1,DHF1-123UT,2019-06-07T00:00:00,,71.2,53.0,16.1366313309776,14.5053195383704,7.68781935533629,,,2019-07-30T00:00:00,115.0,,,
237,2018-10-08,2019-08-27,1.5,4.0,6,12,1,1,DHF1-122UT,2019-06-07T00:00:00,,68.7,45.0,17.5270108043217,17.755560052975,7.99000202383877,,,2019-07-22T00:00:00,113.75,,,
238,2018-10-08,2019-08-27,1.5,4.0,6,13,1,1,PW352-26-2-2-Q5D-MATU-W,2019-06-07T00:00:00,,69.4,48.0,17.0848267622461,15.8442700557661,7.6052496267677,,,2019-07-25T00:00:00,112.0,,,
239,2018-10-08,2019-08-27,1.5,4.0,6,14,1,1,PW468-77-3-19-Q7B-AGDM-W,2019-06-07T00:00:00,17.092997071061,69.2,53.0,15.9173754556501,15.2302268363985,8.0720202232912,191.9,47.2241362338813,2019-07-30T00:00:00,112.25,420.636801630599,1.919,9.02097684776983
240,2018-10-08,2019-08-27,1.5,4.0,6,15,1,1,PxW141-7-16-26-18,2019-06-07T00:00:00,,72.4,53.0,14.8235294117647,15.2723045755785,8.09432142505659,,,2019-07-30T00:00:00,106.5,,,
271,2018-10-08,2019-08-27,1.5,4.0,7,1,1,1,PxW141-7-10-93-19,2019-06-07T00:00:00,,75.1,53.0,10.8076009501188,16.4914396729513,8.74046302666421,,,2019-07-30T00:00:00,105.0,,,
272,2018-10-08,2019-08-27,1.5,4.0,7,2,1,1,PW141-21-3-10-Q2A-GFP-P,2019-06-05T00:00:00,,75.1,50.0,10.4886769964243,16.0940084347996,8.04700421739982,,,2019-07-25T00:00:00,101.75,,,
273,2018-10-08,2019-08-27,1.5,4.0,7,3,1,1,PxW141-7-12-06-02,2019-06-05T00:00:00,,74.0,55.0,10.6280193236715,14.8512189008032,8.16817039544176,,,2019-07-30T00:00:00,105.0,,,
274,2018-10-08,2019-08-27,1.5,4.0,7,4,1,1,PW468-84-1-15-Q2B-MATU-P,2019-06-11T00:00:00,,76.5,49.0,9.36018957345972,16.2314200507148,7.95339582485024,,,2019-07-30T00:00:00,125.75,,,
275,2018-10-08,2019-08-27,1.5,4.0,7,5,1,1,PW292-93-7-8-Q1B-MATU-P,2019-06-07T00:00:00,,76.3,48.0,9.81087470449172,16.3910295619564,7.86769418973906,,,2019-07-25T00:00:00,104.25,,,
276,2018-10-08,2019-08-27,1.5,4.0,7,6,1,1,PW352-23-3-8-Q4B-MATU-W,2019-06-04T00:00:00,,75.0,56.0,9.85576923076923,12.534289964538,7.01920238014127,,,2019-07-30T00:00:00,98.0,,,
277,2018-10-08,2019-08-27,1.5,4.0,7,7,1,1,DHF1-17UT,2019-06-03T00:00:00,,75.8,57.0,9.97624703087887,11.5974430756102,6.61054255309782,,,2019-07-30T00:00:00,105.75,,,
278,2018-10-08,2019-08-27,1.5,4.0,7,8,1,1,DHF1-202UT,2019-06-07T00:00:00,,76.4,48.0,9.47867298578199,14.5607794549874,6.98917413839397,,,2019-07-25T00:00:00,104.25,,,
279,2018-10-08,2019-08-27,1.5,4.0,7,9,1,1,PW468-21-2-11-Q2D-DTAD-W,2019-06-07T00:00:00,,75.7,53.0,9.66587112171837,12.6342612005433,6.69615843628794,,,2019-07-30T00:00:00,115.5,,,
280,2018-10-08,2019-08-27,1.5,4.0,7,10,1,1,Crusoe,2019-06-07T00:00:00,,77.0,48.0,8.87573964497041,20.0086949876871,9.60417359408979,,,2019-07-25T00:00:00,72.5,,,
281,2018-10-08,2019-08-27,1.5,4.0,7,11,1,1,PW352-23-3-16-Q4B-MATU-P,2019-06-03T00:00:00,,70.0,49.0,16.0671462829736,17.1971467211626,8.42660189336967,,,2019-07-22T00:00:00,105.25,,,
282,2018-10-08,2019-08-27,1.5,4.0,7,12,1,1,PxW141-7-16-52-04,2019-06-07T00:00:00,,69.2,45.0,16.3240628778718,19.3297035908976,8.69836661590394,,,2019-07-22T00:00:00,107.75,,,
283,2018-10-08,2019-08-27,1.5,4.0,7,13,1,1,P-Gw2A-P1-BC6-22 (++),2019-06-07T00:00:00,,71.5,53.0,15.5844155844156,15.0271955342397,7.96441363314703,,,2019-07-30T00:00:00,129.75,,,
284,2018-10-08,2019-08-27,1.5,4.0,7,14,1,1,PW292-22-9-8-Q3A-COMSTR-W,2019-06-07T00:00:00,17.2807399514593,70.2,48.0,15.7262905162065,16.8295839150541,8.07820027922595,185.8,46.7468424495547,2019-07-25T00:00:00,109.5,434.779347644023,1.858,9.2025396722334
285,2018-10-08,2019-08-27,1.5,4.0,7,15,1,1,PW352-23-1-9-Q1A-MATU-W,2019-06-07T00:00:00,,70.3,45.0,16.5083135391924,18.2329455734523,8.20482550805351,,,2019-07-22T00:00:00,122.5,,,
316,2018-10-08,2019-08-27,1.5,4.0,8,1,1,1,PW141-80-3-21-Q5A-MATU-P,2019-06-07T00:00:00,,75.7,45.0,10.4142011834319,21.0919963300483,9.49139834852174,,,2019-07-22T00:00:00,107.0,,,
317,2018-10-08,2019-08-27,1.5,4.0,8,2,1,1,PW352-3-7-21-Q2D-MATU-W,2019-06-07T00:00:00,,75.9,48.0,10.6007067137809,17.278838574877,8.29384251594094,,,2019-07-25T00:00:00,114.5,,,
318,2018-10-08,2019-08-27,1.5,4.0,8,3,1,1,PW352-3-7-3-Q2D-MATU-W,2019-06-07T00:00:00,,75.4,49.0,10.4513064133017,16.8825528809395,8.27245091166035,,,2019-07-26T00:00:00,117.25,,,
319,2018-10-08,2019-08-27,1.5,4.0,8,4,1,1,PW729-36-4-7-Q2B-MILDS-P,2019-06-03T00:00:00,,75.8,57.0,10.4018912529551,14.9253605234926,8.5074554983908,,,2019-07-30T00:00:00,105.25,,,
320,2018-10-08,2019-08-27,1.5,4.0,8,5,1,1,PW468-12-4-19-Q1A-LODG-W,2019-06-04T00:00:00,,74.1,48.0,11.9952494061758,16.251465031364,7.80070321505472,,,2019-07-22T00:00:00,115.75,,,
321,2018-10-08,2019-08-27,1.5,4.0,8,6,1,1,PW292-69-4-6-Q6B-DTAD-W,2019-06-07T00:00:00,,76.3,53.0,9.59715639810428,16.6592914437038,8.82942446516301,,,2019-07-30T00:00:00,110.5,,,
322,2018-10-08,2019-08-27,1.5,4.0,8,7,1,1,PW292-22-9-19-Q3A-COMSTR-P,2019-06-05T00:00:00,17.4122967318605,74.9,50.0,9.75903614457831,15.7041716714313,7.85208583571566,172.2,45.0950610171267,2019-07-25T00:00:00,108.25,455.986401609504,1.722,9.56021089614487
323,2018-10-08,2019-08-27,1.5,4.0,8,8,1,1,PW468-77-3-20-Q7B-AGDM-P,2019-06-07T00:00:00,18.5496134609978,74.6,53.0,9.90338164251208,14.2985808649671,7.57824785843254,159.6,40.853939487022,2019-07-30T00:00:00,135.25,474.827560052164,1.596,10.9713656025653
324,2018-10-08,2019-08-27,1.5,4.0,8,9,1,1,DFW SEL 0057,2019-06-07T00:00:00,14.5868911848152,76.4,45.0,9.47867298578199,16.8803416477942,7.59615374150739,133.5,52.0752067405211,2019-07-22T00:00:00,77.5,569.000280262726,1.335,6.99073744330785
325,2018-10-08,2019-08-27,1.5,4.0,8,10,1,1,PxW141-7-14-49-18,2019-06-07T00:00:00,,76.6,53.0,9.56316410861867,17.2745882834047,9.15553179020447,,,2019-07-30T00:00:00,111.5,,,
326,2018-10-08,2019-08-27,1.5,4.0,8,11,1,1,PW729-36-6-22-Q-2BMILDS-P,2019-06-07T00:00:00,,69.8,45.0,17.0035671819263,17.4519794873246,7.85339076929606,,,2019-07-22T00:00:00,122.25,,,
327,2018-10-08,2019-08-27,1.5,4.0,8,12,1,1,DFW SEL 0050,2019-06-07T00:00:00,,57.2,48.0,29.1201982651797,18.6560468431271,8.95490248470098,,,2019-07-25T00:00:00,86.25,,,
328,2018-10-08,2019-08-27,1.5,4.0,8,13,1,1,PW468-84-4-2-Q5A-NDRE-W,2019-06-03T00:00:00,,70.3,49.0,17.2941176470588,16.7840670369122,8.22419284808698,,,2019-07-22T00:00:00,110.0,,,
329,2018-10-08,2019-08-27,1.5,4.0,8,14,1,1,PW729-55-3-15-Q6B-AGDM-P,2019-06-07T00:00:00,18.0577036331711,70.0,53.0,16.7657550535077,15.8926193201989,8.42308823970539,178.4,46.6454008262302,2019-07-30T00:00:00,113.25,472.146201777208,1.784,9.63461539346571
330,2018-10-08,2019-08-27,1.5,4.0,8,15,1,1,PW034-12-13-21-Q1A-HT-W,2019-06-07T00:00:00,,73.0,48.0,14.1176470588235,17.9232654909551,8.60316743565845,,,2019-07-25T00:00:00,121.5,,,
361,2018-10-08,2019-08-27,1.5,4.0,9,1,1,1,PW352-3-7-6-Q2D-MATU-W,2019-06-17T00:00:00,,75.8,43.0,10.6132075471698,18.3415015903742,7.88684568386091,,,2019-07-30T00:00:00,108.25,,,
362,2018-10-08,2019-08-27,1.5,4.0,9,2,1,1,DHF1-196,2019-06-07T00:00:00,,75.9,53.0,10.4952830188679,13.7658738805061,7.29591315666821,,,2019-07-30T00:00:00,92.25,,,
363,2018-10-08,2019-08-27,1.5,4.0,9,3,1,1,DHF1-20,2019-05-28T00:00:00,,74.6,58.0,11.1904761904762,11.4908969423696,6.66472022657437,,,2019-07-25T00:00:00,85.25,,,
364,2018-10-08,2019-08-27,1.5,4.0,9,4,1,1,PW352-26-4-20-Q2A-GFR-P,2019-06-14T00:00:00,17.9326142495685,75.8,46.0,10.7184923439341,17.1836998856234,7.90450194738677,184.1,44.0789158645788,2019-07-30T00:00:00,114.75,429.359149776576,1.841,10.0281123021817
365,2018-10-08,2019-08-27,1.5,4.0,9,5,1,1,PW292-67-1-1-Q3B-MATU-W,2019-06-07T00:00:00,,76.0,42.0,9.84578884934757,21.2857243980011,8.94000424716046,,,2019-07-19T00:00:00,112.5,,,
366,2018-10-08,2019-08-27,1.5,4.0,9,6,1,1,PW468-21-2-14-Q2D-DTAD-P,2019-06-07T00:00:00,,76.1,48.0,9.61995249406177,14.9259660297918,7.16446369430007,,,2019-07-25T00:00:00,112.5,,,
367,2018-10-08,2019-08-27,1.5,4.0,9,7,1,1,PW141-21-3-11-Q2A-GFP-P,2019-06-07T00:00:00,,76.7,53.0,9.55188679245282,15.7248587290137,8.33417512637728,,,2019-07-30T00:00:00,107.75,,,
368,2018-10-08,2019-08-27,1.5,4.0,9,8,1,1,DFW SEL 0052,2019-06-07T00:00:00,,76.3,48.0,9.70414201183432,18.1976037214392,8.73484978629082,,,2019-07-25T00:00:00,85.5,,,
369,2018-10-08,2019-08-27,1.5,4.0,9,9,1,1,PxW141-7-16-89-04,2019-06-07T00:00:00,,76.9,45.0,9.42285041224971,17.6461470005726,7.94076615025765,,,2019-07-22T00:00:00,103.5,,,
370,2018-10-08,2019-08-27,1.5,4.0,9,10,1,1,PW141-58-7-7-Q7D-AGDM-W,2019-06-07T00:00:00,18.3075360598977,76.0,53.0,9.41597139451729,15.5959822931935,8.26587061539254,187.4,45.1500987808991,2019-07-30T00:00:00,108.25,441.081676381672,1.874,10.0416654445052
371,2018-10-08,2019-08-27,1.5,4.0,9,11,1,1,PW352-5-1-16-Q1B-GRYLD-W,2019-06-07T00:00:00,16.8501930090684,70.1,48.0,16.6468489892985,16.684484567911,8.00855259259727,193.8,47.5279576221307,2019-07-25T00:00:00,105.5,413.238007873956,1.938,8.84164041647117
372,2018-10-08,2019-08-27,1.5,4.0,9,12,1,1,PW292-25-6-3-Q2A-MATU-W,2019-06-07T00:00:00,,67.6,53.0,16.7487684729064,17.8230711708729,9.44622772056265,,,2019-07-30T00:00:00,109.0,,,
373,2018-10-08,2019-08-27,1.5,4.0,9,13,1,1,PW352-26-5-10-Q2A-DTMA-W,2019-06-07T00:00:00,,70.0,53.0,17.4528301886792,16.0761683495929,8.52036922528425,,,2019-07-30T00:00:00,112.0,,,
374,2018-10-08,2019-08-27,1.5,4.0,9,14,1,1,PW292-9-5-14-Q4B-GFPTT-P,2019-06-07T00:00:00,16.6042951997224,67.9,48.0,17.1951219512195,16.0427716741492,7.70053040359161,181.5,46.3767375306623,2019-07-25T00:00:00,107.25,424.271647580805,1.815,8.90376479613077
375,2018-10-08,2019-08-27,1.5,4.0,9,15,1,1,Paragon,2019-06-07T00:00:00,,72.5,42.0,14.7058823529412,20.1275799497373,8.45358357888968,,,2019-07-19T00:00:00,107.25,,,
406,2018-10-08,2019-08-27,1.5,4.0,10,1,1,1,DFW SEL 0081,2019-06-03T00:00:00,,76.0,52.0,10.4829210836278,13.115410107234,6.82001325576166,,,2019-07-25T00:00:00,82.0,,,
407,2018-10-08,2019-08-27,1.5,4.0,10,2,1,1,PW352-26-2-10-Q5D-MATU-P,2019-06-14T00:00:00,,74.6,46.0,11.4014251781473,14.6638805411538,6.74538504893074,,,2019-07-30T00:00:00,133.25,,,
408,2018-10-08,2019-08-27,1.5,4.0,10,3,1,1,PxW141-7-14-56-22,2019-06-07T00:00:00,,74.7,48.0,10.752688172043,17.7276669985986,8.50928015932731,,,2019-07-25T00:00:00,106.0,,,
409,2018-10-08,2019-08-27,1.5,4.0,10,4,1,1,PxW141-7-11-05-09,2019-06-07T00:00:00,,75.8,45.0,10.2958579881657,19.6445554428188,8.84004994926845,,,2019-07-22T00:00:00,102.5,,,
410,2018-10-08,2019-08-27,1.5,4.0,10,5,1,1,DHF1-191UT,2019-06-07T00:00:00,,76.2,53.0,9.50118764845606,13.5020099227693,7.15606525906773,,,2019-07-30T00:00:00,126.75,,,
411,2018-10-08,2019-08-27,1.5,4.0,10,6,1,1,PW729-36-4-19-Q2B-MILDS-W,2019-06-07T00:00:00,,76.2,53.0,9.6085409252669,16.2006481123594,8.58634349955048,,,2019-07-30T00:00:00,105.75,,,
412,2018-10-08,2019-08-27,1.5,4.0,10,7,1,1,DHF1-192UT,2019-06-07T00:00:00,,76.4,48.0,9.69267139479904,14.983082846859,7.19187976649234,,,2019-07-25T00:00:00,113.5,,,
413,2018-10-08,2019-08-27,1.5,4.0,10,8,1,1,PW468-12-2-2-Q1A-MATU-P,2019-06-07T00:00:00,,76.0,53.0,10.0591715976331,17.2065662596991,9.11948011764051,,,2019-07-30T00:00:00,117.75,,,
414,2018-10-08,2019-08-27,1.5,4.0,10,9,1,1,DHF1-195,2019-06-07T00:00:00,,75.9,53.0,9.53516090584029,12.2113049770731,6.47199163784875,,,2019-07-30T00:00:00,120.25,,,
415,2018-10-08,2019-08-27,1.5,4.0,10,10,1,1,PW292-9-5-18-Q4B-GFPTT-P,2019-06-07T00:00:00,17.6970204067852,76.8,48.0,9.54063604240284,16.6602350758984,7.99691283643122,189.5,45.1879053796261,2019-07-25T00:00:00,107.25,422.000677384233,1.895,9.70010757035399
416,2018-10-08,2019-08-27,1.5,4.0,10,11,1,1,Paragon,2019-06-07T00:00:00,,74.0,45.0,15.4285714285714,18.0667632075958,8.13004344341811,,,2019-07-22T00:00:00,104.5,,,
417,2018-10-08,2019-08-27,1.5,4.0,10,12,1,1,PW352-5-1-10-Q1B-GRYLD-P,2019-06-07T00:00:00,17.1482393669867,70.3,48.0,16.109785202864,17.1658043761157,8.23958610053555,206.4,48.0491665890679,2019-07-25T00:00:00,107.0,399.204752932924,2.064,8.90865326645114
418,2018-10-08,2019-08-27,1.5,4.0,10,13,1,1,PW141-31-2-15-Q3B-MATU-P,2019-06-07T00:00:00,,70.9,42.0,15.8956109134045,19.6786583581954,8.26503651044207,,,2019-07-19T00:00:00,107.5,,,
419,2018-10-08,2019-08-27,1.5,4.0,10,14,1,1,PW352-23-4-6-Q1A-NDVI-W,2019-06-07T00:00:00,17.9737838461368,70.2,53.0,17.4117647058823,15.8183457215632,8.38372323242849,182.5,46.6441752287482,2019-07-30T00:00:00,114.0,459.382094927589,1.825,9.59006061370834
420,2018-10-08,2019-08-27,1.5,4.0,10,15,1,1,PW141-58-7-10-Q7D-AGDM-W,2019-06-07T00:00:00,16.4308655803171,70.3,53.0,14.993954050786,14.6271944794974,7.75241307413362,189.7,47.1820126349301,2019-07-30T00:00:00,108.25,408.667004435088,1.897,8.67845250618353
451,2018-10-08,2019-08-27,1.5,4.0,11,1,1,1,DHF1-355,2019-06-07T00:00:00,,75.4,53.0,11.0849056603773,12.0395382998726,6.38095529893247,,,2019-07-30T00:00:00,87.25,,,
452,2018-10-08,2019-08-27,1.5,4.0,11,2,1,1,PW141-21-3-4-Q2A-GFP-W,2019-06-07T00:00:00,,75.7,48.0,10.6257378984652,19.150440856429,9.19221161108592,,,2019-07-25T00:00:00,107.25,,,
453,2018-10-08,2019-08-27,1.5,4.0,11,3,1,1,PW352-23-1-7-Q1A-MATU-P,2019-06-07T00:00:00,,76.0,53.0,10.377358490566,15.7854881489308,8.36630871893335,,,2019-07-30T00:00:00,112.25,,,
454,2018-10-08,2019-08-27,1.5,4.0,11,4,1,1,PxW141-7-10-74-23,2019-06-07T00:00:00,,75.8,48.0,10.4018912529551,19.5168271521956,9.36807703305389,,,2019-07-25T00:00:00,111.25,,,
455,2018-10-08,2019-08-27,1.5,4.0,11,5,1,1,DFW SEL 0066,2019-06-04T00:00:00,,76.9,56.0,9.84759671746775,17.4427056275833,9.76791515144663,,,2019-07-30T00:00:00,89.75,,,
456,2018-10-08,2019-08-27,1.5,4.0,11,6,1,1,PW729-55-3-21-Q6B-AGDM-W,2019-06-07T00:00:00,18.2075133841334,76.2,48.0,9.82248520710059,17.8384809303934,8.56247084658886,199.0,47.0271292182626,2019-07-25T00:00:00,110.0,430.274916914013,1.99,9.64504253754451
457,2018-10-08,2019-08-27,1.5,4.0,11,7,1,1,PW352-26-4-14-Q2A-GFR-W,2019-06-07T00:00:00,18.0936765848918,76.0,53.0,9.63139120095124,16.1540420742804,8.56164229936859,236.1,47.3184223184223,2019-07-30T00:00:00,118.25,362.627797516671,2.361,9.5320342855232
458,2018-10-08,2019-08-27,1.5,4.0,11,8,1,1,PxW141-7-14-93-10,2019-06-07T00:00:00,,75.6,45.0,9.67741935483872,20.1118503444602,9.05033265500708,,,2019-07-22T00:00:00,109.25,,,
459,2018-10-08,2019-08-27,1.5,4.0,11,9,1,1,PW292-93-7-13-Q1B-MATU-W,2019-06-07T00:00:00,,75.9,53.0,10.0710900473934,16.6543367864302,8.82679849680803,,,2019-07-30T00:00:00,106.5,,,
460,2018-10-08,2019-08-27,1.5,4.0,11,10,1,1,PW292-25-6-18-Q2A-MATU-P,2019-06-03T00:00:00,,76.6,52.0,9.66981132075472,18.1558940249216,9.44106489295921,,,2019-07-25T00:00:00,106.0,,,
461,2018-10-08,2019-08-27,1.5,4.0,11,11,1,1,PxW141-7-16-26-19,2019-06-07T00:00:00,,70.4,48.0,16.0905840286055,18.6722284007248,8.96266963234789,,,2019-07-25T00:00:00,111.75,,,
462,2018-10-08,2019-08-27,1.5,4.0,11,12,1,1,PW292-9-5-10-Q4B-GFPTT-W,2019-06-07T00:00:00,18.4042924862508,69.8,45.0,15.8021712907117,19.135995712297,8.61119807053365,205.9,46.7890742171522,2019-07-22T00:00:00,120.25,418.222344367831,2.059,9.79309441571714
463,2018-10-08,2019-08-27,1.5,4.0,11,13,1,1,PW468-10-1-5-Q2A-NDVI-W,2019-06-07T00:00:00,17.1100188503988,71.1,53.0,16.2544169611308,15.0385513677817,7.9704322249243,202.2,46.583421646777,2019-07-30T00:00:00,120.0,394.185569976474,2.022,9.13958662547452
464,2018-10-08,2019-08-27,1.5,4.0,11,14,1,1,PW729-55-3-6-Q6B-AGDM-P,2019-06-07T00:00:00,17.9611107604114,71.0,45.0,16.0756501182033,19.1643891545918,8.62397511956632,206.3,48.0147093050319,2019-07-22T00:00:00,110.5,418.030786212618,2.063,9.33713564084504
465,2018-10-08,2019-08-27,1.5,4.0,11,15,1,1,DHF1-355UT,2019-06-07T00:00:00,,72.0,53.0,14.9940968122786,11.9585006406326,6.33800533953526,,,2019-07-30T00:00:00,92.5,,,
496,2018-10-08,2019-08-27,1.5,4.0,12,1,1,1,Paragon,2019-06-07T00:00:00,,75.0,53.0,10.7142857142857,16.6656453736354,8.83279204802677,,,2019-07-30T00:00:00,105.75,,,
497,2018-10-08,2019-08-27,1.5,4.0,12,2,1,1,PW292-9-5-15-Q4B-GFPTT-P,2019-06-14T00:00:00,20.491381141362,75.5,46.0,10.86186540732,19.7192229386938,9.07084255179915,164.3,44.2666235585731,2019-07-30T00:00:00,110.5,552.090234436954,1.643,11.4205385895628
498,2018-10-08,2019-08-27,1.5,4.0,12,3,1,1,PW729-55-3-1-Q6B-AGDM-W,2019-06-07T00:00:00,17.538087244063,74.0,48.0,10.6280193236715,17.210035973167,8.26081726712014,193.1,47.1021563079325,2019-07-25T00:00:00,109.75,427.799962046615,1.931,9.2772699769429
499,2018-10-08,2019-08-27,1.5,4.0,12,4,1,1,PW034-66-6-10-Q7A-LODG-W,2019-06-03T00:00:00,,76.2,57.0,10.2473498233216,17.1908771577593,9.79879997992278,,,2019-07-30T00:00:00,113.25,,,
500,2018-10-08,2019-08-27,1.5,4.0,12,5,1,1,PW141-41-2-14-Q5B-NDVI-W,2019-06-07T00:00:00,18.2178608050925,75.1,53.0,9.84393757503002,15.848191122111,8.39954129471885,197.5,46.1060789989728,2019-07-30T00:00:00,117.0,425.293230112347,1.975,9.81831951037364
501,2018-10-08,2019-08-27,1.5,4.0,12,6,1,1,PW468-10-1-17-Q2A-NDVI-W,2019-06-07T00:00:00,18.9169958916727,75.9,53.0,9.64285714285714,16.1430439820065,8.55581331046345,221.6,45.2281818923994,2019-07-30T00:00:00,115.5,386.092658414415,2.216,10.3611825812093
502,2018-10-08,2019-08-27,1.5,4.0,12,7,1,1,PW292-22-9-1-Q3A-COMSTR-W,2019-06-07T00:00:00,18.5622288530694,76.4,42.0,9.79929161747343,20.5921669424214,8.64871011581697,182.3,46.5930583243879,2019-07-19T00:00:00,115.25,474.421838497914,1.823,9.91351873725241
503,2018-10-08,2019-08-27,1.5,4.0,12,8,1,1,PW352-26-2-15-Q5D-MATU-W,2019-06-14T00:00:00,,76.5,46.0,9.36018957345972,16.0152839510544,7.36703061748503,,,2019-07-30T00:00:00,122.25,,,
504,2018-10-08,2019-08-27,1.5,4.0,12,9,1,1,PW352-23-1-21-Q1A-MATU-P,2019-06-07T00:00:00,,76.8,53.0,9.21985815602837,16.9490832724058,8.9830141343751,,,2019-07-30T00:00:00,111.25,,,
505,2018-10-08,2019-08-27,1.5,4.0,12,10,1,1,PxW141-7-16-25-02,2019-06-07T00:00:00,,76.4,45.0,9.79929161747343,20.8632722469049,9.38847251110719,,,2019-07-22T00:00:00,112.75,,,
506,2018-10-08,2019-08-27,1.5,4.0,12,11,1,1,PW352-23-3-4-Q4B-MATU-W,2019-06-03T00:00:00,,73.1,52.0,16.1697247706422,17.7569674465523,9.23362307220719,,,2019-07-25T00:00:00,103.25,,,
507,2018-10-08,2019-08-27,1.5,4.0,12,12,1,1,PW352-23-3-9-Q4B-MATU-P,2019-06-07T00:00:00,,71.0,48.0,16.2735849056604,18.9611046222897,9.10133021869907,,,2019-07-25T00:00:00,115.5,,,
508,2018-10-08,2019-08-27,1.5,4.0,12,13,1,1,PW468-12-2-19-Q1A-MATU-P,2019-06-07T00:00:00,,71.8,53.0,16.3170163170163,18.0584634127871,9.57098560877716,,,2019-07-30T00:00:00,120.25,,,
509,2018-10-08,2019-08-27,1.5,4.0,12,14,1,1,PW729-36-4-2-Q2B-MILDS-W,2019-06-03T00:00:00,,70.3,57.0,15.6062424969988,16.2946259762311,9.28793680645174,,,2019-07-30T00:00:00,105.25,,,
510,2018-10-08,2019-08-27,1.5,4.0,12,15,1,1,DHF1-202,2019-06-07T00:00:00,,70.9,48.0,16.3915094339623,16.2007507225906,7.7763603468435,,,2019-07-25T00:00:00,104.0,,,
541,2018-10-08,2019-08-27,1.5,4.0,13,1,1,1,PW468-84-4-8-Q5A-NDRE-P,2019-06-07T00:00:00,,75.8,53.0,10.2958579881657,16.7326423429863,8.86830044178276,,,2019-07-30T00:00:00,113.0,,,
542,2018-10-08,2019-08-27,1.5,4.0,13,2,1,1,DHF1-16,2019-06-11T00:00:00,,74.9,44.0,11.0451306413302,10.1075130477056,4.44730574099048,,,2019-07-25T00:00:00,131.0,,,
543,2018-10-08,2019-08-27,1.5,4.0,13,3,1,1,PW468-84-4-6-Q5A-NDRE-P,2019-06-07T00:00:00,,75.4,53.0,10.6635071090047,15.0538387462759,7.97853453552621,,,2019-07-30T00:00:00,116.5,,,
544,2018-10-08,2019-08-27,1.5,4.0,13,4,1,1,Paragon,2019-06-07T00:00:00,,75.9,53.0,9.96441281138789,16.7855506602876,8.89634184995242,,,2019-07-30T00:00:00,103.0,,,
545,2018-10-08,2019-08-27,1.5,4.0,13,5,1,1,PW468-84-4-5-Q5A-NDRE-W,2019-06-07T00:00:00,,76.1,53.0,10.1534828807556,14.9173339127259,7.90618697374475,,,2019-07-30T00:00:00,112.75,,,
546,2018-10-08,2019-08-27,1.5,4.0,13,6,1,1,PW141-80-3-9-Q5A-MATU-P,2019-06-07T00:00:00,,75.3,53.0,9.71223021582735,18.2073369664647,9.64988859222631,,,2019-07-30T00:00:00,117.5,,,
547,2018-10-08,2019-08-27,1.5,4.0,13,7,1,1,PxW141-7-16-26-02,2019-06-07T00:00:00,,77.0,53.0,9.19811320754717,17.845650495166,9.45819476243796,,,2019-07-30T00:00:00,112.5,,,
548,2018-10-08,2019-08-27,1.5,4.0,13,8,1,1,Siskin,2019-06-07T00:00:00,,76.7,48.0,9.55188679245282,23.262579390059,11.1660381072283,,,2019-07-25T00:00:00,75.25,,,
549,2018-10-08,2019-08-27,1.5,4.0,13,9,1,1,PW468-12-4-9-Q1A-LODG-P,2019-06-03T00:00:00,,76.4,57.0,9.47867298578199,16.1732025260521,9.2187254398497,,,2019-07-30T00:00:00,110.75,,,
550,2018-10-08,2019-08-27,1.5,4.0,13,10,1,1,PW141-31-2-4-Q3B-MATU-W,2019-06-07T00:00:00,,76.7,48.0,9.76470588235294,19.0660528883666,9.15170538641596,,,2019-07-25T00:00:00,113.0,,,
551,2018-10-08,2019-08-27,1.5,4.0,13,11,1,1,PW352-26-4-17-Q2A-GFR-P,2019-06-07T00:00:00,20.0309548652039,70.6,53.0,16.9411764705882,17.0127772314497,9.01677193266835,184.0,45.0141892553087,2019-07-30T00:00:00,121.25,490.04195286241,1.84,11.0141829325355
552,2018-10-08,2019-08-27,1.5,4.0,13,12,1,1,DFW SEL 0069,2019-06-07T00:00:00,20.5172283704405,66.9,53.0,19.0072639225182,18.6008686525486,9.85846038585076,142.4,48.049669321096,2019-07-30T00:00:00,83.0,692.307611365924,1.424,10.6587679845898
553,2018-10-08,2019-08-27,1.5,4.0,13,13,1,1,PW292-67-1-11-Q3B-MATU-W,2019-06-07T00:00:00,,72.0,53.0,15.7894736842105,17.2340837182077,9.13406437065008,,,2019-07-30T00:00:00,119.75,,,
554,2018-10-08,2019-08-27,1.5,4.0,13,14,1,1,PW729-36-4-4-Q2B-MILDS-P,2019-06-03T00:00:00,,71.8,52.0,15.6286721504113,16.3514038817308,8.50273001850004,,,2019-07-25T00:00:00,113.75,,,
555,2018-10-08,2019-08-27,1.5,4.0,13,15,1,1,PW468-12-4-8-Q1A-LODG-W,2019-06-03T00:00:00,,73.8,57.0,12.5592417061611,15.8422213536912,9.030066171604,,,2019-07-30T00:00:00,117.75,,,
586,2018-10-08,2019-08-27,1.5,4.0,14,1,1,1,DHF1-198UT,2019-06-07T00:00:00,,75.8,42.0,10.6132075471698,9.91413209884501,4.16393548151491,,,2019-07-19T00:00:00,98.25,,,
587,2018-10-08,2019-08-27,1.5,4.0,14,2,1,1,PW292-93-7-16-Q1B-MATU-P,2019-06-07T00:00:00,,74.9,53.0,10.8333333333333,16.8023748467287,8.9052586687662,,,2019-07-30T00:00:00,122.0,,,
588,2018-10-08,2019-08-27,1.5,4.0,14,3,1,1,PW468-21-2-10-Q2D-DTAD-P,2019-06-07T00:00:00,,75.6,42.0,10.4265402843602,19.0720863295259,8.01027625840088,,,2019-07-19T00:00:00,116.5,,,
589,2018-10-08,2019-08-27,1.5,4.0,14,4,1,1,PW352-26-4-3-Q2A-GFR-W,2019-06-07T00:00:00,18.1172485066001,75.4,53.0,10.5575326215896,15.3750788656914,8.14879179881644,199.1,44.9780870193828,2019-07-30T00:00:00,125.25,409.281356043016,1.991,9.96845670778369
590,2018-10-08,2019-08-27,1.5,4.0,14,5,1,1,DHF1-191,2019-06-07T00:00:00,,76.3,53.0,9.59715639810428,13.9084827396447,7.37149585201168,,,2019-07-30T00:00:00,123.25,,,
591,2018-10-08,2019-08-27,1.5,4.0,14,6,1,1,PxW141-7-11-74-17,2019-06-07T00:00:00,,75.9,53.0,9.85748218527316,16.7251410406558,8.86432475154759,,,2019-07-30T00:00:00,106.75,,,
592,2018-10-08,2019-08-27,1.5,4.0,14,7,1,1,PW468-21-2-7-Q2D-DTAD-P,2019-06-07T00:00:00,,76.1,42.0,10.0472813238771,19.9650426068918,8.38531789489456,,,2019-07-19T00:00:00,111.75,,,
593,2018-10-08,2019-08-27,1.5,4.0,14,8,1,1,PW729-36-4-11-Q2B-MILDS-W,2019-06-03T00:00:00,,75.9,57.0,9.64285714285714,15.3804614544596,8.76686302904195,,,2019-07-30T00:00:00,102.25,,,
594,2018-10-08,2019-08-27,1.5,4.0,14,9,1,1,PW352-26-5-1-Q2A-DTMA-P,2019-06-07T00:00:00,,76.2,48.0,10.1415094339623,17.7655470200217,8.52746256961041,,,2019-07-25T00:00:00,110.25,,,
595,2018-10-08,2019-08-27,1.5,4.0,14,10,1,1,PW141-31-2-6-Q3B-MATU-P,2019-06-07T00:00:00,,76.9,53.0,9.52941176470588,16.7479328282648,8.87640439898034,,,2019-07-30T00:00:00,106.5,,,
596,2018-10-08,2019-08-27,1.5,4.0,14,11,1,1,PW292-9-5-8-Q4B-GFPTT-W,2019-06-07T00:00:00,18.8372024267334,71.5,45.0,15.4846335697399,19.1514807897896,8.61816635540532,209.2,45.7507763635568,2019-07-22T00:00:00,115.0,411.958238786105,2.092,10.2190360713281
597,2018-10-08,2019-08-27,1.5,4.0,14,12,1,1,PW292-22-9-16-Q3A-COMSTR-P,2019-06-07T00:00:00,20.3368369843612,71.4,42.0,16.8800931315483,21.7180155415544,9.12156652745283,169.3,44.852434695067,2019-07-19T00:00:00,111.25,538.781247929878,1.693,11.2152704569083
598,2018-10-08,2019-08-27,1.5,4.0,14,13,1,1,Paragon,2019-06-07T00:00:00,,71.8,53.0,15.6286721504113,16.765652301612,8.88579571985433,,,2019-07-30T00:00:00,107.0,,,
599,2018-10-08,2019-08-27,1.5,4.0,14,14,1,1,PW352-3-7-19-Q2D-MATU-P,2019-06-07T00:00:00,,72.2,53.0,15.7526254375729,15.8774798738844,8.41506433315874,,,2019-07-30T00:00:00,112.25,,,
600,2018-10-08,2019-08-27,1.5,4.0,14,15,1,1,PW292-22-9-7-Q3A-COMSTR-W,2019-06-05T00:00:00,17.4820936966219,71.2,50.0,15.5397390272835,16.2830450311472,8.14152251557361,181.7,46.5706376871027,2019-07-25T00:00:00,113.5,448.074987098162,1.817,9.34057118104828
631,2018-10-08,2019-08-27,1.5,4.0,15,1,1,1,DHF1-329UT,2019-06-07T00:00:00,,74.9,53.0,11.0451306413302,13.0646350990717,6.92425660250802,,,2019-07-30T00:00:00,103.75,,,
632,2018-10-08,2019-08-27,1.5,4.0,15,2,1,1,PW352-26-5-20-Q2A-DTMA-W,2019-06-07T00:00:00,,75.5,53.0,10.6508875739645,16.8168450874932,8.91292789637138,,,2019-07-30T00:00:00,115.25,,,
633,2018-10-08,2019-08-27,1.5,4.0,15,3,1,1,PW292-69-4-10-Q6B-DTAD-P,2019-06-05T00:00:00,,75.5,50.0,10.6508875739645,17.8469598051256,8.92347990256282,,,2019-07-25T00:00:00,104.75,,,
634,2018-10-08,2019-08-27,1.5,4.0,15,4,1,1,PW352-23-3-19-Q4B-MATU-P,2019-06-05T00:00:00,,75.0,44.0,10.2870813397129,21.11235297016,9.28943530687039,,,2019-07-19T00:00:00,106.25,,,
635,2018-10-08,2019-08-27,1.5,4.0,15,5,1,1,PW352-23-3-6-Q4B-MATU-P,2019-06-07T00:00:00,,76.3,53.0,9.91735537190083,16.8612333478401,8.93645367435528,,,2019-07-30T00:00:00,104.75,,,
636,2018-10-08,2019-08-27,1.5,4.0,15,6,1,1,PW141-21-3-3-Q2A-GFP-W,2019-06-07T00:00:00,,76.6,48.0,9.66981132075472,19.6466604646326,9.43039702302366,,,2019-07-25T00:00:00,109.5,,,
637,2018-10-08,2019-08-27,1.5,4.0,15,7,1,1,PxW141-7-11-02-02,2019-06-07T00:00:00,,76.5,53.0,9.36018957345972,17.1585149661847,9.09401293207791,,,2019-07-30T00:00:00,103.0,,,
638,2018-10-08,2019-08-27,1.5,4.0,15,8,1,1,PW292-67-1-7-Q3B-MATU-P,2019-06-07T00:00:00,,76.2,48.0,9.82248520710059,19.172176091165,9.20264452375919,,,2019-07-25T00:00:00,110.25,,,
639,2018-10-08,2019-08-27,1.5,4.0,15,9,1,1,DFW SEL 0055,2019-06-07T00:00:00,,76.8,53.0,9.64705882352942,13.1648276292206,6.97735864348692,,,2019-07-30T00:00:00,83.25,,,
640,2018-10-08,2019-08-27,1.5,4.0,15,10,1,1,Paragon,2019-06-11T00:00:00,,75.9,44.0,9.96441281138789,20.5411732319619,9.03811622206322,,,2019-07-25T00:00:00,111.0,,,
641,2018-10-08,2019-08-27,1.5,4.0,15,11,1,1,PW729-36-4-5-Q2B-MILDS-W,2019-06-07T00:00:00,,70.8,53.0,15.7142857142857,16.5629147897644,8.77834483857513,,,2019-07-30T00:00:00,101.0,,,
642,2018-10-08,2019-08-27,1.5,4.0,15,12,1,1,PxW141-7-11-26-10,2019-06-07T00:00:00,,78.4,45.0,10.1947308132875,23.1391444713095,10.4126150120893,,,2019-07-22T00:00:00,112.0,,,
643,2018-10-08,2019-08-27,1.5,4.0,15,13,1,1,DHF1-121UT,2019-05-28T00:00:00,,68.0,63.0,20.0,8.74304647555312,5.50811927959846,,,2019-07-30T00:00:00,84.0,,,
644,2018-10-08,2019-08-27,1.5,4.0,15,14,1,1,Robigus,2019-06-07T00:00:00,17.6224962321242,73.9,42.0,8.53960396039603,23.1686011122236,9.73081246713393,189.1,55.2181276645448,2019-07-19T00:00:00,83.0,514.585535015015,1.891,7.89168376499027
645,2018-10-08,2019-08-27,1.5,4.0,15,15,1,1,PW292-9-5-6-Q4B-GFPTT-W,2019-06-11T00:00:00,18.8374640981417,72.9,41.0,14.0330188679245,20.8141671051886,8.53380851312733,197.5,45.302321313882,2019-07-22T00:00:00,117.5,432.091570284928,1.975,10.3036555850144
676,2018-10-08,2019-08-27,1.5,4.0,16,1,1,1,DFW SEL 0060,2019-06-05T00:00:00,,75.7,50.0,10.9411764705882,17.7819644893682,8.89098224468412,,,2019-07-25T00:00:00,79.0,,,
677,2018-10-08,2019-08-27,1.5,4.0,16,2,1,1,PxW141-7-10-30-19,2019-06-07T00:00:00,,75.4,53.0,10.7692307692308,15.8998327222002,8.42691134276608,,,2019-07-30T00:00:00,108.5,,,
678,2018-10-08,2019-08-27,1.5,4.0,16,3,1,1,PW468-12-2-18-Q1A-MATU-W,2019-06-07T00:00:00,,74.1,53.0,10.9375,16.9304852256036,8.97315716956993,,,2019-07-30T00:00:00,118.5,,,
679,2018-10-08,2019-08-27,1.5,4.0,16,4,1,1,PW141-31-2-21-Q3B-MATU-P,2019-06-07T00:00:00,,75.6,53.0,10.1070154577883,17.9162905043839,9.49563396732348,,,2019-07-30T00:00:00,106.0,,,
680,2018-10-08,2019-08-27,1.5,4.0,16,5,1,1,Paragon,2019-06-05T00:00:00,,75.5,55.0,10.1190476190476,16.3253721860158,8.97895470230871,,,2019-07-30T00:00:00,108.5,,,
681,2018-10-08,2019-08-27,1.5,4.0,16,6,1,1,PxW141-7-11-73-13,2019-06-07T00:00:00,,76.4,53.0,9.90566037735848,18.509613590716,9.81009520307948,,,2019-07-30T00:00:00,108.75,,,
682,2018-10-08,2019-08-27,1.5,4.0,16,7,1,1,PW292-25-6-13-Q2A-MATU-W,2019-06-07T00:00:00,,76.4,53.0,9.58579881656804,17.9082460305424,9.49137039618746,,,2019-07-30T00:00:00,110.0,,,
683,2018-10-08,2019-08-27,1.5,4.0,16,8,1,1,PW468-10-1-2-Q2A-NDVI-P,2019-06-07T00:00:00,18.9034022892057,76.6,53.0,9.56316410861867,15.9288944974907,8.44231408367007,183.0,44.6602889496291,2019-07-30T00:00:00,117.5,461.328638451916,1.83,10.4610882055357
684,2018-10-08,2019-08-27,1.5,4.0,16,9,1,1,PW141-36-10-4-Q7A-DTMA-W,2019-06-07T00:00:00,,76.7,53.0,9.33806146572103,17.3939043463663,9.21876930357416,,,2019-07-30T00:00:00,116.75,,,
685,2018-10-08,2019-08-27,1.5,4.0,16,10,1,1,PxW141-7-14-25-10,2019-06-07T00:00:00,,76.3,53.0,9.70414201183432,18.0323555667599,9.55714845038276,,,2019-07-30T00:00:00,111.25,,,
686,2018-10-08,2019-08-27,1.5,4.0,16,11,1,1,PW729-36-6-9-Q2B-MILDS-W,2019-06-07T00:00:00,,69.4,53.0,16.9856459330143,15.939012484892,8.44767661699273,,,2019-07-30T00:00:00,118.75,,,
687,2018-10-08,2019-08-27,1.5,4.0,16,12,1,1,PW292-93-7-17-Q1B-MATU-P,2019-06-07T00:00:00,,69.0,53.0,18.8235294117647,17.4753614421575,9.26194156434348,,,2019-07-30T00:00:00,116.5,,,
688,2018-10-08,2019-08-27,1.5,4.0,16,13,1,1,PW292-20-1-18-Q7A-ADTT-P,2019-06-07T00:00:00,,69.0,53.0,17.6610978520286,16.4535204400666,8.72036583323527,,,2019-07-30T00:00:00,118.5,,,
689,2018-10-08,2019-08-27,1.5,4.0,16,14,1,1,DHF1-329,2019-06-07T00:00:00,,71.5,53.0,15.7832744405183,15.6444288928822,8.29154731322759,,,2019-07-30T00:00:00,112.75,,,
690,2018-10-08,2019-08-27,1.5,4.0,16,15,1,1,DHF1-254,2019-06-07T00:00:00,,72.7,53.0,16.1476355247982,2.91064837238035,1.54264363736158,,,2019-07-30T00:00:00,73.5,,,
721,2018-10-08,2019-08-27,1.5,4.0,17,1,1,1,PW352-23-1-5-Q1A-MATU-P,2019-06-07T00:00:00,,75.6,53.0,10.8490566037736,14.4619297519267,7.66482276852115,,,2019-07-30T00:00:00,104.0,,,
722,2018-10-08,2019-08-27,1.5,4.0,17,2,1,1,PW468-12-2-15-Q1A-MATU-P,2019-06-07T00:00:00,,75.4,53.0,10.5575326215896,16.6439713026842,8.82130479042264,,,2019-07-30T00:00:00,115.75,,,
723,2018-10-08,2019-08-27,1.5,4.0,17,3,1,1,Paragon,2019-06-07T00:00:00,,75.1,53.0,10.5952380952381,15.6939874784464,8.31781336357657,,,2019-07-30T00:00:00,105.75,,,
724,2018-10-08,2019-08-27,1.5,4.0,17,4,1,1,PW034-66-6-4-Q7A-LODG-P,2019-06-03T00:00:00,,76.3,46.0,10.1295641931684,20.1709174729793,9.27862203757046,,,2019-07-19T00:00:00,108.25,,,
725,2018-10-08,2019-08-27,1.5,4.0,17,5,1,1,PW292-67-1-14-Q3B-MATU-W,2019-06-07T00:00:00,,75.4,53.0,10.0238663484487,16.9393152703461,8.97783709328342,,,2019-07-30T00:00:00,119.25,,,
726,2018-10-08,2019-08-27,1.5,4.0,17,6,1,1,PW292-20-1-4-Q7A-ADTT-W,2019-06-07T00:00:00,,76.7,53.0,9.65842167255595,16.7352341526811,8.86967410092099,,,2019-07-30T00:00:00,106.25,,,
727,2018-10-08,2019-08-27,1.5,4.0,17,7,1,1,DHF1-17,2019-06-07T00:00:00,,76.5,53.0,9.8939929328622,14.9425701634054,7.91956218660485,,,2019-07-30T00:00:00,107.75,,,
728,2018-10-08,2019-08-27,1.5,4.0,17,8,1,1,PW141-41-2-17-Q5B-NDVI-W,2019-06-05T00:00:00,19.0039931798203,76.5,55.0,9.68122786304605,15.5795861788878,8.56877239838831,200.9,45.0893257922614,2019-07-30T00:00:00,89.75,426.519283145262,2.009,10.435220781432
729,2018-10-08,2019-08-27,1.5,4.0,17,9,1,1,Santiago,2019-06-14T00:00:00,,77.0,46.0,9.19811320754717,23.4183232133824,10.7724286781559,,,2019-07-30T00:00:00,81.5,,,
730,2018-10-08,2019-08-27,1.5,4.0,17,10,1,1,DHF1-28,2019-06-17T00:00:00,,76.0,35.0,9.84578884934757,22.5954851291206,7.90841979519223,,,2019-07-22T00:00:00,115.0,,,
731,2018-10-08,2019-08-27,1.5,4.0,17,11,1,1,DHF1-16UT,2019-06-14T00:00:00,,70.6,46.0,16.9411764705882,7.77385542048383,3.57597349342256,,,2019-07-30T00:00:00,124.25,,,
732,2018-10-08,2019-08-27,1.5,4.0,17,12,1,1,DFW SEL 0049,2019-06-07T00:00:00,,69.1,48.0,16.7469879518072,18.7423742801143,8.99633965445484,,,2019-07-25T00:00:00,86.5,,,
733,2018-10-08,2019-08-27,1.5,4.0,17,13,1,1,PW352-26-4-19-Q2A-GFR-P,2019-06-07T00:00:00,17.9889959052425,70.5,53.0,15.9713945172825,15.5824373514852,8.25869179628717,188.9,45.9096874544306,2019-07-30T00:00:00,108.0,437.199142206838,1.889,9.73030410895538
734,2018-10-08,2019-08-27,1.5,4.0,17,14,1,1,PW352-26-2-8-Q5D-MATU-P,2019-06-07T00:00:00,,69.9,53.0,17.7647058823529,14.7571621860302,7.82129595859602,,,2019-07-30T00:00:00,130.0,,,
735,2018-10-08,2019-08-27,1.5,4.0,17,15,1,1,PW034-66-6-19-Q7A-LODG-W,2019-06-07T00:00:00,,72.6,42.0,14.5882352941177,20.9692411557675,8.80708128542235,,,2019-07-19T00:00:00,109.75,,,
766,2018-10-08,2019-08-27,1.5,4.0,18,1,1,1,PW292-93-7-11-Q1B-MATU-P,2019-06-07T00:00:00,,75.5,45.0,10.86186540732,18.4652956481069,8.30938304164812,,,2019-07-22T00:00:00,100.25,,,
767,2018-10-08,2019-08-27,1.5,4.0,18,2,1,1,DHF1-15,2019-06-07T00:00:00,,74.3,42.0,11.0179640718563,13.5973099049603,5.71087016008334,,,2019-07-19T00:00:00,115.25,,,
768,2018-10-08,2019-08-27,1.5,4.0,18,3,1,1,PW034-66-6-20-Q7A-LODG-P,2019-06-05T00:00:00,,74.7,55.0,10.6459330143541,15.3897286313236,8.464350747228,,,2019-07-30T00:00:00,105.25,,,
769,2018-10-08,2019-08-27,1.5,4.0,18,4,1,1,DHF1-123,2019-06-07T00:00:00,,75.8,53.0,10.2958579881657,15.3623157799889,8.14202736339413,,,2019-07-30T00:00:00,113.25,,,
770,2018-10-08,2019-08-27,1.5,4.0,18,5,1,1,PW468-77-3-16-Q7B-AGDM-P,2019-06-05T00:00:00,18.1710201705099,76.0,55.0,10.271546635183,14.3388697876323,7.88637838319777,180.4,43.4008564692297,2019-07-30T00:00:00,128.25,437.160664257083,1.804,10.2846417873121
771,2018-10-08,2019-08-27,1.5,4.0,18,6,1,1,PW352-26-4-2-Q2A-GFR-W,2019-06-07T00:00:00,18.884909319674,74.7,53.0,9.67351874244256,16.2963475199928,8.63706418559618,164.4,45.7352695710232,2019-07-30T00:00:00,112.25,525.368867736994,1.644,10.2478451340778
772,2018-10-08,2019-08-27,1.5,4.0,18,7,1,1,DFW SEL 0075,2019-06-05T00:00:00,,76.7,50.0,9.8707403055229,18.6154190544378,9.30770952721891,,,2019-07-25T00:00:00,91.25,,,
773,2018-10-08,2019-08-27,1.5,4.0,18,8,1,1,PxW141-7-10-78-20,2019-06-07T00:00:00,,76.6,53.0,9.66981132075472,16.1650658058982,8.56748487712607,,,2019-07-30T00:00:00,105.75,,,
774,2018-10-08,2019-08-27,1.5,4.0,18,9,1,1,PxW141-7-10-37-12,2019-06-07T00:00:00,,76.5,53.0,9.7877358490566,15.4001967399275,8.1621042721616,,,2019-07-30T00:00:00,107.25,,,
775,2018-10-08,2019-08-27,1.5,4.0,18,10,1,1,PW352-26-5-19-Q2A-DTMA-W,2019-06-07T00:00:00,,76.6,45.0,9.56316410861867,19.098253395164,8.59421402782382,,,2019-07-22T00:00:00,117.25,,,
776,2018-10-08,2019-08-27,1.5,4.0,18,11,1,1,PW729-55-5-20-Q4A-MATU-W,2019-06-07T00:00:00,,71.7,53.0,15.7461809635723,16.024714990238,8.49309894482614,,,2019-07-30T00:00:00,106.5,,,
777,2018-10-08,2019-08-27,1.5,4.0,18,12,1,1,Paragon,2019-06-05T00:00:00,,71.4,55.0,15.8018867924528,16.1429121503992,8.87860168271954,,,2019-07-30T00:00:00,106.75,,,
778,2018-10-08,2019-08-27,1.5,4.0,18,13,1,1,DHF1-29,2019-06-07T00:00:00,,68.9,48.0,19.0364277320799,13.7759099004783,6.61243675222957,,,2019-07-25T00:00:00,84.5,,,
779,2018-10-08,2019-08-27,1.5,4.0,18,14,1,1,PW034-66-6-9-Q7A-LODG-P,2019-06-05T00:00:00,,72.1,55.0,14.9764150943396,15.8062174406577,8.69341959236172,,,2019-07-30T00:00:00,110.25,,,
780,2018-10-08,2019-08-27,1.5,4.0,18,15,1,1,PW729-36-6-7-Q2B-MILDS-W,2019-06-07T00:00:00,,73.0,53.0,14.4196951934349,14.7302462805496,7.80703052869128,,,2019-07-30T00:00:00,108.5,,,
811,2018-10-08,2019-08-27,1.5,4.0,19,1,1,1,DFW SEL 0077,2019-06-03T00:00:00,,75.2,57.0,11.1111111111111,12.5951389900062,7.17922922430353,,,2019-07-30T00:00:00,80.0,,,
812,2018-10-08,2019-08-27,1.5,4.0,19,2,1,1,Paragon,2019-06-03T00:00:00,,75.7,46.0,10.5200945626477,17.9187240834225,8.24261307837434,,,2019-07-19T00:00:00,106.0,,,
813,2018-10-08,2019-08-27,1.5,4.0,19,3,1,1,PW352-5-1-13-Q1B-GRYLD-W,2019-06-05T00:00:00,18.8613037235297,73.6,55.0,10.5710814094775,15.9808322431403,8.78945773372717,179.3,46.6004782201892,2019-07-30T00:00:00,107.5,490.209578010439,1.793,10.0718459898025
814,2018-10-08,2019-08-27,1.5,4.0,19,4,1,1,PW468-84-4-1-Q5A-COMGRWT-W,2019-06-03T00:00:00,20.9830470948611,75.5,46.0,10.332541567696,21.9005255701292,10.0742417622595,216.8,48.011338471078,2019-07-19T00:00:00,112.5,464.679048074698,2.168,10.9088053326016
815,2018-10-08,2019-08-27,1.5,4.0,19,5,1,1,PW141-31-2-14-Q3B-MATU-P,2019-06-11T00:00:00,,76.4,49.0,9.79929161747343,21.2423526667172,10.4087528066915,,,2019-07-30T00:00:00,110.5,,,
816,2018-10-08,2019-08-27,1.5,4.0,19,6,1,1,DFW SEL 0051,2019-06-05T00:00:00,,76.0,55.0,9.52380952380952,21.5644998638799,11.8604749251339,,,2019-07-30T00:00:00,89.0,,,
817,2018-10-08,2019-08-27,1.5,4.0,19,7,1,1,PW468-84-4-22-Q5A-NDRE-W,2019-06-11T00:00:00,,76.6,49.0,9.02612826603326,15.8210450666817,7.75231208267402,,,2019-07-30T00:00:00,110.25,,,
818,2018-10-08,2019-08-27,1.5,4.0,19,8,1,1,DHF1-21,2019-06-07T00:00:00,,76.3,53.0,9.48991696322657,12.9322607702832,6.8540982082501,,,2019-07-30T00:00:00,110.0,,,
819,2018-10-08,2019-08-27,1.5,4.0,19,9,1,1,PW352-23-1-6-Q1A-MATU-W,2019-06-11T00:00:00,,76.8,49.0,9.54063604240284,15.0363172537066,7.36779545431625,,,2019-07-30T00:00:00,114.25,,,
820,2018-10-08,2019-08-27,1.5,4.0,19,10,1,1,PW352-26-4-4-Q2A-GFR-W,2019-06-07T00:00:00,16.7695078058739,75.5,42.0,10.2259215219976,17.9255614933824,7.52873582722059,185.4,44.8953893839597,2019-07-19T00:00:00,119.0,406.080681079859,1.854,9.24077197865328
821,2018-10-08,2019-08-27,1.5,4.0,19,11,1,1,PW468-21-2-15-Q2D-DTAD-W,2019-06-05T00:00:00,,66.3,55.0,21.1652794292509,12.8726253401737,7.07994393709552,,,2019-07-30T00:00:00,119.0,,,
822,2018-10-08,2019-08-27,1.5,4.0,19,12,1,1,PW352-26-2-21-Q5D-MATU-W,2019-06-07T00:00:00,,69.3,53.0,17.5,14.1857602041101,7.51845290817833,,,2019-07-30T00:00:00,134.0,,,
823,2018-10-08,2019-08-27,1.5,4.0,19,13,1,1,PW729-36-4-16-Q2B-MILDS-P,2019-06-03T00:00:00,,71.5,57.0,15.8823529411765,13.3365847353312,7.60185329913877,,,2019-07-30T00:00:00,99.0,,,
824,2018-10-08,2019-08-27,1.5,4.0,19,14,1,1,PW141-41-2-20-Q5B-NDVI-W,2019-06-05T00:00:00,17.7047543160552,68.7,44.0,14.2322097378277,19.0201181698745,8.36885199474479,218.6,47.2689529905289,2019-07-19T00:00:00,109.75,382.83860909171,2.186,9.33590232131045
825,2018-10-08,2019-08-27,1.5,4.0,19,15,1,1,PW141-80-3-6-Q5A-MATU-W,2019-06-07T00:00:00,,70.5,53.0,14.3377885783718,15.9299150343086,8.44285496818357,,,2019-07-30T00:00:00,107.0,,,
856,2018-10-08,2019-08-27,1.5,4.0,20,1,1,1,DFW SEL 0065,2019-06-07T00:00:00,16.3871536909677,75.3,53.0,10.887573964497,15.8544761043087,8.40287233528359,135.3,51.277192450542,2019-07-30T00:00:00,81.5,621.054865874619,1.353,7.9842813556841
857,2018-10-08,2019-08-27,1.5,4.0,20,2,1,1,PxW141-7-10-80-18,2019-06-07T00:00:00,,75.5,53.0,10.86186540732,16.4394745126946,8.71292149172816,,,2019-07-30T00:00:00,106.25,,,
858,2018-10-08,2019-08-27,1.5,4.0,20,3,1,1,PW352-23-4-7-Q1A-NDVI-W,2019-06-07T00:00:00,19.1561621785929,74.8,48.0,10.6332138590203,17.4533433988113,8.37760483142944,133.5,43.7332110332176,2019-07-25T00:00:00,114.75,627.535942429171,1.335,10.7785573471634
859,2018-10-08,2019-08-27,1.5,4.0,20,4,1,1,PxW141-7-11-64-01,2019-06-11T00:00:00,,75.9,49.0,10.2836879432624,19.9582210561074,9.77952831749263,,,2019-07-30T00:00:00,104.5,,,
860,2018-10-08,2019-08-27,1.5,4.0,20,5,1,1,PW468-12-2-9-Q1A-MATU-P,2019-06-14T00:00:00,,75.8,46.0,9.76190476190476,22.1325683412178,10.1809814369602,,,2019-07-30T00:00:00,114.5,,,
861,2018-10-08,2019-08-27,1.5,4.0,20,6,1,1,DHF1-19UT,2019-06-02T00:00:00,,75.3,58.0,10.4637336504162,7.17905011935256,4.16384906922449,,,2019-07-30T00:00:00,89.0,,,
862,2018-10-08,2019-08-27,1.5,4.0,20,7,1,1,Paragon,2019-06-05T00:00:00,,76.4,55.0,10.1176470588235,16.7609480238043,9.21852141309235,,,2019-07-30T00:00:00,101.75,,,
863,2018-10-08,2019-08-27,1.5,4.0,20,8,1,1,PW141-41-2-13-Q5B-NDVI-W,2019-06-05T00:00:00,17.0489314951357,76.2,55.0,9.82248520710059,14.6343853204928,8.04891192627106,172.3,47.2106532222709,2019-07-30T00:00:00,107.25,467.145207560712,1.723,9.00001956886467
864,2018-10-08,2019-08-27,1.5,4.0,20,9,1,1,PW034-66-6-22-Q7A-LODG-W,2019-06-03T00:00:00,,76.4,57.0,9.47867298578199,13.7975485021249,7.86460264621117,,,2019-07-30T00:00:00,103.25,,,
865,2018-10-08,2019-08-27,1.5,4.0,20,10,1,1,PW468-84-1-16-Q5D-MATU-P,2019-06-07T00:00:00,,75.5,53.0,10.1190476190476,14.4779855939618,7.67333236479974,,,2019-07-30T00:00:00,118.0,,,
866,2018-10-08,2019-08-27,1.5,4.0,20,11,1,1,PW352-23-4-17-Q1A-NDVI-P,2019-06-05T00:00:00,18.1272633310622,71.8,50.0,15.5294117647059,17.1340924835636,8.56704624178182,180.8,47.2605604349645,2019-07-25T00:00:00,110.5,473.841053195897,1.808,9.56021708928042
867,2018-10-08,2019-08-27,1.5,4.0,20,12,1,1,PW468-21-2-1-Q2D-DTAD-W,2019-06-07T00:00:00,,69.9,53.0,15.9855769230769,15.5860475802569,8.26060521753613,,,2019-07-30T00:00:00,117.75,,,
868,2018-10-08,2019-08-27,1.5,4.0,20,13,1,1,PW141-58-7-20-Q7D-AGDM-P,2019-06-07T00:00:00,17.7795667147993,71.6,48.0,15.8636897767333,17.4392695412965,8.37084937982231,199.7,47.0812900792154,2019-07-25T00:00:00,108.0,419.17122582986,1.997,9.40871733497704
869,2018-10-08,2019-08-27,1.5,4.0,20,14,1,1,PW352-23-4-14-Q1A-NDVI-P,2019-06-05T00:00:00,18.1140499514348,71.7,55.0,15.547703180212,14.9806974821763,8.23938361519698,170.1,45.4861482511499,2019-07-30T00:00:00,105.5,484.384692251439,1.701,9.87466633623784
870,2018-10-08,2019-08-27,1.5,4.0,20,15,1,1,PW468-77-3-14-Q7B-AGDM-W,2019-06-03T00:00:00,18.9111265846411,72.2,57.0,14.8584905660377,14.5377452366996,8.28651478491878,204.0,43.8181974396426,2019-07-30T00:00:00,141.0,406.201705143078,2.04,10.6246117997223
